{"cameraMode":{"drawMode":0,"name":"Shaded","section":"Shading Mode"},"sceneLighting":true,"audioPlay":false,"sceneViewState":{"showFog":true,"showMaterialUpdate":false,"showSkybox":true,"showFlares":true,"showImageEffects":true,"showParticleSystems":true},"in2DMode":false,"pivot":{"x":-0.14512260258197785,"y":0.2394723892211914,"z":1.124293565750122},"rotation":{"x":-0.15357960760593415,"y":0.7681082487106323,"z":-0.2004806399345398,"w":-0.5884149074554443},"size":1.6918026208877564,"orthographic":false}